first_name,last_name,thrivey_score,user_id,date_creatd,date_updated,id
Grazia,Gecks,63,user_999,"Dec 8, 2019 4:36 PM","Nov 2, 2021 10:43 AM",1
Angelina,Tomkin,19,user_300,"Sep 6, 2021 12:50 AM","Nov 2, 2021 6:32 AM",2
Gilemette,Bexley,18,user_34,"Jun 30, 2020 1:09 AM","Nov 2, 2021 12:52 PM",3
Kessiah,Mayfield,13,user_957,"Dec 11, 2019 5:25 PM","Nov 2, 2021 2:21 PM",4
Lexy,Skirling,91,user_338,"Feb 11, 2020 4:15 AM","Nov 1, 2021 5:25 PM",5
Ajay,Swatridge,85,user_579,"Dec 19, 2019 12:27 AM","Nov 1, 2021 4:10 PM",6
Gilda,Queree,28,user_266,"Jan 20, 2021 12:04 AM","Nov 1, 2021 4:51 PM",7
Ivar,Spata,58,user_822,"Nov 18, 2020 4:51 PM","Nov 2, 2021 5:48 AM",8
Pepito,Quemby,42,user_843,"May 5, 2021 2:17 PM","Nov 2, 2021 2:47 AM",9
Augusta,Olfert,86,user_323,"Jul 25, 2020 10:47 AM","Nov 2, 2021 2:25 PM",10
Josie,Littrell,35,user_127,"Nov 26, 2020 7:11 PM","Nov 2, 2021 6:31 AM",11
Willey,Bonick,10,user_386,"Nov 24, 2019 7:32 PM","Nov 2, 2021 1:09 PM",12
Rhianon,Iorizzo,11,user_516,"Dec 2, 2019 1:19 PM","Nov 2, 2021 4:00 AM",13
Hilario,Wilber,8,user_82,"Jun 30, 2020 8:35 PM","Nov 2, 2021 12:07 PM",14
Nye,Aldiss,34,user_941,"Nov 3, 2019 6:42 AM","Nov 2, 2021 8:45 AM",15
Briant,Shields,84,user_577,"Oct 17, 2021 6:06 AM","Nov 2, 2021 10:45 AM",16
Domini,Iorizzo,97,user_806,"Jan 20, 2021 10:15 PM","Nov 2, 2021 1:50 AM",17
Quinlan,Eccleston,77,user_351,"Apr 22, 2021 1:32 AM","Nov 1, 2021 5:06 PM",18
Katerine,Adamik,1,user_855,"Mar 7, 2020 1:25 AM","Nov 2, 2021 11:51 AM",19
Gay,Roddie,63,user_481,"Dec 27, 2020 9:02 PM","Nov 2, 2021 10:29 AM",20
Fawne,Eich,93,user_284,"Jun 22, 2021 9:32 PM","Nov 2, 2021 1:01 PM",21
Desdemona,Anten,18,user_731,"Mar 24, 2020 11:10 PM","Nov 2, 2021 11:36 AM",22
Nissa,MacCafferky,81,user_317,"Apr 17, 2021 11:01 PM","Nov 2, 2021 3:54 AM",23
Brewer,Hamsley,60,user_287,"Oct 29, 2020 10:02 PM","Nov 2, 2021 11:39 AM",24
Grazia,Meddows,42,user_391,"Feb 19, 2021 7:29 PM","Nov 1, 2021 6:21 PM",25
Davy,Rotter,40,user_488,"Oct 29, 2019 12:17 PM","Nov 1, 2021 6:40 PM",26
Beilul,Vanin,52,user_162,"Jan 20, 2021 5:23 PM","Nov 1, 2021 8:08 PM",27
Anthe,Bohey,64,user_357,"Jul 24, 2020 12:53 AM","Nov 1, 2021 9:19 PM",28
Stefania,Fissenden,19,user_612,"Jan 9, 2020 9:32 PM","Nov 1, 2021 7:21 PM",29
Angelia,Kersey,40,user_271,"Nov 12, 2020 11:12 AM","Nov 2, 2021 1:47 PM",30
Nikolaos,Arckoll,64,user_967,"Feb 23, 2021 10:49 PM","Nov 2, 2021 9:43 AM",31
Gwen,Beston,32,user_985,"Apr 3, 2020 6:34 PM","Nov 2, 2021 3:25 AM",32
Talya,Fishenden,33,user_939,"Jan 13, 2020 11:51 AM","Nov 1, 2021 4:21 PM",33
Aigneis,Peet,34,user_807,"Sep 26, 2021 9:17 AM","Nov 2, 2021 6:04 AM",34
Garik,Bartel,57,user_413,"Sep 24, 2021 7:55 PM","Nov 1, 2021 8:15 PM",35
Jesse,Blanchflower,83,user_881,"Jun 18, 2021 2:46 AM","Nov 1, 2021 9:13 PM",36
Caesar,Stoppard,99,user_300,"May 9, 2020 3:08 AM","Nov 2, 2021 4:10 AM",37
Caesar,Jakubowsky,57,user_419,"Apr 2, 2020 1:41 PM","Nov 1, 2021 4:37 PM",38
Heath,Mustarde,79,user_207,"Aug 13, 2020 4:32 AM","Nov 1, 2021 5:47 PM",39
Davy,Ditchburn,69,user_783,"Aug 9, 2020 5:13 PM","Nov 2, 2021 9:19 AM",40
Eugenius,Sambiedge,13,user_293,"Apr 2, 2020 6:38 AM","Nov 1, 2021 10:46 PM",41
Vachel,Meddows,20,user_353,"Mar 15, 2020 7:24 AM","Nov 2, 2021 6:21 AM",42
Dorolice,Lanegran,84,user_413,"Oct 23, 2019 10:21 AM","Nov 2, 2021 2:07 AM",43
Matthew,Matissoff,53,user_825,"Oct 11, 2019 3:11 PM","Nov 1, 2021 11:20 PM",44
Zaneta,Corssen,16,user_435,"Jun 1, 2020 1:59 AM","Nov 2, 2021 2:31 AM",45
Mona,Mayfield,34,user_101,"Dec 17, 2019 2:38 PM","Nov 1, 2021 10:24 PM",46
Caron,Balcon,32,user_103,"Dec 23, 2019 2:24 PM","Nov 2, 2021 3:17 PM",47
Beatrice,Manketell,69,user_555,"May 28, 2020 9:16 PM","Nov 1, 2021 10:50 PM",48
Pepi,Blanchflower,81,user_748,"May 18, 2021 3:41 AM","Nov 2, 2021 5:36 AM",49
Florida,Siddons,36,user_378,"Mar 3, 2021 6:38 AM","Nov 2, 2021 1:06 PM",50
Ajay,Haddow,87,user_360,"Jul 4, 2021 11:18 PM","Nov 2, 2021 10:55 AM",51
Katuscha,Slides,28,user_764,"Sep 25, 2020 7:54 PM","Nov 1, 2021 5:56 PM",52
Arlana,Halward,33,user_396,"Aug 9, 2021 12:32 AM","Nov 2, 2021 10:13 AM",53
Sondra,Eccleston,88,user_64,"Sep 13, 2021 12:14 PM","Nov 2, 2021 8:42 AM",54
Donnie,Durrett,89,user_509,"Dec 5, 2019 9:56 AM","Nov 2, 2021 4:37 AM",55
Nicholas,Matissoff,92,user_148,"May 30, 2021 7:01 AM","Nov 1, 2021 5:56 PM",56
Gun,Rogeon,62,user_990,"Jul 16, 2021 3:02 PM","Nov 2, 2021 2:14 AM",57
Tory,Banger,38,user_499,"Aug 1, 2021 1:27 AM","Nov 2, 2021 12:26 AM",58
Renata,Ference,96,user_597,"Oct 3, 2021 9:33 AM","Nov 2, 2021 12:07 AM",59
Garrot,Biggin,53,user_776,"Aug 25, 2021 8:43 PM","Nov 2, 2021 11:37 AM",60
Rickey,Halsted,30,user_357,"Oct 23, 2021 6:43 AM","Nov 2, 2021 9:47 AM",61
Mona,Dossett,93,user_831,"Jul 19, 2021 10:14 PM","Nov 2, 2021 5:14 AM",62
Micah,Antliff,25,user_171,"Feb 19, 2020 5:28 PM","Nov 2, 2021 2:35 PM",63
Tyson,Doyle,20,user_628,"Oct 6, 2021 9:14 PM","Nov 2, 2021 2:57 PM",64
King,Gisburn,71,user_723,"Jul 14, 2021 12:47 PM","Nov 1, 2021 5:33 PM",65
Aleen,McVittie,61,user_539,"Oct 6, 2019 2:33 AM","Nov 1, 2021 8:37 PM",66
Hilario,Esposi,35,user_735,"Jun 13, 2020 12:41 PM","Nov 1, 2021 11:49 PM",67
Nissa,Littrell,26,user_17,"May 14, 2020 7:01 AM","Nov 1, 2021 8:02 PM",68
Maryanna,Loache,67,user_893,"Jun 18, 2020 1:23 AM","Nov 1, 2021 11:37 PM",69
Imogene,Hammerson,22,user_254,"Nov 19, 2019 9:00 PM","Nov 2, 2021 11:27 AM",70
Dag,Mustarde,32,user_18,"Mar 6, 2020 10:33 PM","Nov 1, 2021 11:14 PM",71
Halie,Aitken,92,user_673,"Jan 7, 2021 7:32 PM","Nov 2, 2021 2:07 AM",72
Marjory,Peter,12,user_87,"Jan 26, 2020 4:26 AM","Nov 1, 2021 11:03 PM",73
Tamiko,Devanny,42,user_543,"Jan 18, 2020 5:33 AM","Nov 2, 2021 7:27 AM",74
Tom,Lavall,39,user_708,"Jun 10, 2021 3:10 AM","Nov 2, 2021 2:18 AM",75
Tyson,Loache,91,user_145,"Sep 1, 2020 7:46 PM","Nov 2, 2021 4:33 AM",76
Sherm,Aitken,88,user_473,"Jul 25, 2020 8:36 AM","Nov 2, 2021 5:41 AM",77
Renato,Albin,52,user_625,"Oct 5, 2021 8:35 PM","Nov 2, 2021 2:11 PM",78
Pepito,Handrik,53,user_217,"Feb 16, 2021 12:36 PM","Nov 2, 2021 12:33 PM",79
Joan,Banger,50,user_27,"Sep 18, 2020 11:00 PM","Nov 2, 2021 11:27 AM",80
Adrien,Sorey,89,user_681,"Oct 5, 2019 3:51 PM","Nov 2, 2021 1:17 AM",81
Anatola,Anersen,1,user_819,"Jul 3, 2020 9:42 PM","Nov 1, 2021 6:09 PM",82
Ivar,Feldheim,86,user_195,"Feb 3, 2020 10:13 AM","Nov 1, 2021 10:08 PM",83
Berky,Meadowcroft,47,user_95,"Sep 22, 2021 10:25 PM","Nov 2, 2021 6:29 AM",84
Dave,Hessel,37,user_202,"Jan 13, 2021 4:27 AM","Nov 1, 2021 8:26 PM",85
Tom,Johanning,18,user_377,"Dec 9, 2019 3:30 AM","Nov 1, 2021 5:20 PM",86
Caron,Kiddey,17,user_205,"Mar 30, 2020 12:50 PM","Nov 2, 2021 5:35 AM",87
Richardo,Bransom,39,user_699,"Nov 29, 2020 10:40 AM","Nov 2, 2021 1:42 AM",88
Erhart,Rotter,63,user_589,"Oct 1, 2021 12:52 PM","Nov 1, 2021 11:38 PM",89
Eugenius,Lemerie,74,user_501,"Sep 19, 2020 8:24 PM","Nov 1, 2021 4:50 PM",90
Vivie,Ducker,25,user_878,"Nov 25, 2020 1:02 PM","Nov 2, 2021 6:25 AM",91
Cirilo,Worviell,6,user_17,"Dec 31, 2020 8:21 AM","Nov 1, 2021 9:18 PM",92
Nero,Brockman,50,user_418,"Jan 6, 2020 1:38 PM","Nov 1, 2021 10:55 PM",93
Tobey,Schirak,58,user_340,"Oct 26, 2019 9:33 AM","Nov 2, 2021 9:52 AM",94
Sibylle,Ducker,54,user_214,"May 3, 2021 5:48 AM","Nov 2, 2021 11:25 AM",95
Elmira,Abdee,71,user_182,"Jul 4, 2020 1:42 PM","Nov 1, 2021 8:47 PM",96
Johannah,Fishenden,62,user_468,"Mar 17, 2020 10:30 AM","Nov 2, 2021 5:21 AM",97
Filippa,Windrum,81,user_505,"Oct 24, 2020 2:54 PM","Nov 1, 2021 5:11 PM",98
Anatola,Duxfield,26,user_109,"Sep 17, 2021 2:58 AM","Nov 2, 2021 1:17 AM",99
Anatola,Pikett,75,user_390,"May 21, 2021 12:07 PM","Nov 2, 2021 10:16 AM",100
Inga,Egdale,8,user_213,"Nov 27, 2019 9:28 AM","Nov 1, 2021 10:31 PM",101
Maggy,Eich,54,user_257,"Dec 23, 2019 1:06 AM","Nov 2, 2021 7:15 AM",102
Anatollo,Stovine,51,user_716,"Jan 7, 2021 7:51 PM","Nov 1, 2021 10:31 PM",103
Mickie,Manketell,59,user_170,"Jan 7, 2021 9:18 AM","Nov 2, 2021 1:02 PM",104
Eugenius,Ovens,49,user_527,"Mar 16, 2021 10:35 AM","Nov 2, 2021 9:17 AM",105
Desdemona,Matissoff,49,user_389,"Oct 18, 2021 9:36 PM","Nov 2, 2021 11:31 AM",106
Sibylle,Arckoll,16,user_787,"Jul 27, 2020 3:14 AM","Nov 1, 2021 11:50 PM",107
Erhart,Schirak,59,user_287,"Apr 24, 2020 8:15 PM","Nov 1, 2021 3:59 PM",108
Chloe,Hatherell,71,user_602,"Jan 3, 2021 10:27 PM","Nov 2, 2021 8:06 AM",109
Rupert,Kerridge,87,user_553,"Feb 25, 2021 3:39 AM","Nov 2, 2021 11:54 AM",110
Pandora,Radleigh,32,user_30,"Aug 25, 2021 12:19 AM","Nov 1, 2021 9:12 PM",111
Pepi,Hefforde,80,user_650,"Oct 25, 2021 3:15 AM","Nov 2, 2021 10:12 AM",112
Caron,Whisker,51,user_743,"Jun 14, 2020 6:49 AM","Nov 1, 2021 10:57 PM",113
Annora,Ference,89,user_629,"Dec 14, 2020 6:48 PM","Nov 2, 2021 1:06 PM",114
Jesse,Fissenden,77,user_300,"Feb 3, 2020 2:15 PM","Nov 2, 2021 1:03 AM",115
Elisha,Olenchenko,26,user_986,"Apr 27, 2020 11:34 AM","Nov 2, 2021 2:03 PM",116
Sela,Drains,58,user_307,"Mar 28, 2021 8:47 PM","Nov 2, 2021 5:17 AM",117
Netti,Harken,93,user_535,"Feb 23, 2021 3:52 AM","Nov 1, 2021 5:55 PM",118
Augusta,Stempe,42,user_991,"Apr 15, 2020 7:03 PM","Nov 2, 2021 9:43 AM",119
Caesar,Tomkin,34,user_312,"Jan 9, 2020 7:23 AM","Nov 1, 2021 7:28 PM",120
Adelind,Strettell,67,user_957,"Jan 28, 2020 4:38 PM","Nov 1, 2021 4:10 PM",121
Garik,Littrell,77,user_358,"Oct 18, 2021 4:45 AM","Nov 2, 2021 3:24 AM",122
Von,Kersey,88,user_102,"Feb 13, 2020 4:19 PM","Nov 2, 2021 3:58 AM",123
Birch,Cornels,37,user_181,"Dec 30, 2020 12:26 PM","Nov 2, 2021 10:03 AM",124
Hershel,Eagell,69,user_724,"Jul 7, 2021 3:23 AM","Nov 1, 2021 5:22 PM",125
Eugene,Ravillas,97,user_984,"Sep 12, 2020 2:25 PM","Nov 2, 2021 7:24 AM",126
Mickie,Moakes,51,user_360,"Nov 28, 2020 11:29 AM","Nov 2, 2021 9:55 AM",127
Stephani,Sorey,52,user_788,"Sep 12, 2021 10:30 AM","Nov 2, 2021 4:14 AM",128
Augusta,Kildea,59,user_166,"Oct 19, 2021 2:04 AM","Nov 2, 2021 3:52 AM",129
Gay,Sleite,31,user_619,"Nov 15, 2020 6:54 AM","Nov 1, 2021 4:25 PM",130
Claretta,Lenton,87,user_834,"Jul 26, 2020 8:05 PM","Nov 2, 2021 12:52 AM",131
Scarlett,Rotter,68,user_24,"Mar 12, 2021 3:05 AM","Nov 1, 2021 9:59 PM",132
Leena,Fraschetti,96,user_569,"Feb 3, 2021 7:44 PM","Nov 2, 2021 12:50 AM",133
Heath,Ditchburn,17,user_936,"Oct 13, 2019 9:39 AM","Nov 1, 2021 9:33 PM",134
Beilul,Zannolli,58,user_112,"Mar 18, 2021 3:22 AM","Nov 1, 2021 4:03 PM",135
Brewer,Godmar,11,user_193,"Dec 8, 2019 5:29 AM","Nov 2, 2021 1:06 PM",136
Lyon,Cunliffe,97,user_24,"Feb 3, 2021 12:31 PM","Nov 2, 2021 2:57 PM",137
Ajay,Eilles,81,user_294,"Feb 15, 2020 9:50 PM","Nov 2, 2021 8:51 AM",138
Heath,Egdale,57,user_654,"Jan 5, 2020 7:01 PM","Nov 2, 2021 1:04 PM",139
Johannah,Meddows,40,user_381,"Oct 10, 2020 6:57 AM","Nov 1, 2021 8:17 PM",140
Beatrice,Esposi,15,user_219,"Jul 9, 2020 7:45 PM","Nov 1, 2021 6:16 PM",141
Darrin,Cunliffe,82,user_440,"Jun 29, 2020 2:51 AM","Nov 1, 2021 4:32 PM",142
Anatollo,McLeod,29,user_272,"Dec 25, 2020 8:05 AM","Nov 1, 2021 5:40 PM",143
Anita,Iverson,43,user_514,"Jul 27, 2021 8:57 PM","Nov 1, 2021 11:38 PM",144
Elvera,Venneur,36,user_354,"Apr 22, 2020 10:25 AM","Nov 2, 2021 6:13 AM",145
Garik,Slides,18,user_817,"Jun 29, 2021 3:44 PM","Nov 2, 2021 8:59 AM",146
Netti,Loache,19,user_530,"Apr 18, 2020 3:00 AM","Nov 2, 2021 12:38 AM",147
Fey,Ludron,73,user_704,"Aug 19, 2021 10:51 PM","Nov 2, 2021 2:42 AM",148
Annadiana,Hefforde,51,user_15,"Oct 1, 2021 10:21 AM","Nov 2, 2021 3:24 AM",149
Jesse,Corssen,25,user_308,"Mar 25, 2021 3:13 PM","Nov 2, 2021 11:21 AM",150